epoch,accuracy,auc,loss,lr,precision,recall,val_accuracy,val_auc,val_loss,val_precision,val_recall
0,0.823784589767456,0.8849740028381348,0.37136390805244446,0.001,0.8686769008636475,0.8940920233726501,0.7190757989883423,0.7875783443450928,1.1595369577407837,0.9177443981170654,0.7050573229789734
